035FCEFC-2C34-4C43-BAEE-2B46742469B0#appfire#AddressService#appfire#project.app.server.service.AddressService#appfire#{"resourceMapping":"/Address","defaultMethodType":"","defaultContentType":""}#appfire#{"repository":{"filePath":"project/src/main/java/project/app/server/service/AddressService.java","fileName":"AddressService.java"},"implementInterface":[],"extendsClass":[],"repositories":[{"repository":{"filePath":"project/src/main/java/project/app/server/repository/AddressRepositoryImpl.java","fileName":"AddressRepositoryImpl.java"},"implementInterface":[{"filePath":"project/src/main/java/project/app/server/repository/AddressRepository.java","fileName":"AddressRepository.java"}],"extendsClass":[{"fileName":"SearchInterfaceImpl.java","filePath":"project/src/main/java/project/app/server/repository/SearchInterfaceImpl.java","isDisplay":false}],"entities":{"filePath":"project/src/main/java/project/app/shared/location/Address.java","fileName":"Address.java"}}]}#appfire#I#appfire#WCWWPNJWOVPVNTBP6T8KA#appfire#ba9dced8-453e-49a3-b627-d497a1f91b17#appfire#1#appfire#\N#appfire#2015-11-03 16:48:07#appfire#\N#appfire#2015-11-03 16:48:07#appfire#1#appfire#1#appfire#46E20A8B-BE4F-4FF4-81EA-04151ABA05F4
0AC1FC12-238F-4185-A838-A9041B8AB957#appfire#TitleService#appfire#project.app.server.service.TitleService#appfire#{"resourceMapping":"/Title","defaultMethodType":"","defaultContentType":""}#appfire#{"repository":{"filePath":"project/src/main/java/project/app/server/service/TitleService.java","fileName":"TitleService.java"},"implementInterface":[],"extendsClass":[],"repositories":[{"repository":{"filePath":"project/src/main/java/project/app/server/repository/TitleRepositoryImpl.java","fileName":"TitleRepositoryImpl.java"},"implementInterface":[{"filePath":"project/src/main/java/project/app/server/repository/TitleRepository.java","fileName":"TitleRepository.java"}],"extendsClass":[{"fileName":"SearchInterfaceImpl.java","filePath":"project/src/main/java/project/app/server/repository/SearchInterfaceImpl.java","isDisplay":false}],"entities":{"filePath":"project/src/main/java/project/app/shared/contacts/Title.java","fileName":"Title.java"}}]}#appfire#I#appfire#WCWWPNJWOVPVNTBP6T8KA#appfire#ba9dced8-453e-49a3-b627-d497a1f91b17#appfire#1#appfire#\N#appfire#2015-11-03 16:48:10#appfire#\N#appfire#2015-11-03 16:48:10#appfire#1#appfire#1#appfire#221AE30F-85EE-4395-B0E8-07B4F8CAAEB4
0E7F6D84-82D9-4300-BE68-539D89B6D4E9#appfire#TimezoneService#appfire#project.app.server.service.TimezoneService#appfire#{"resourceMapping":"/Timezone","defaultMethodType":"","defaultContentType":""}#appfire#{"repository":{"filePath":"project/src/main/java/project/app/server/service/TimezoneService.java","fileName":"TimezoneService.java"},"implementInterface":[],"extendsClass":[],"repositories":[{"repository":{"filePath":"project/src/main/java/project/app/server/repository/TimezoneRepositoryImpl.java","fileName":"TimezoneRepositoryImpl.java"},"implementInterface":[{"filePath":"project/src/main/java/project/app/server/repository/TimezoneRepository.java","fileName":"TimezoneRepository.java"}],"extendsClass":[{"fileName":"SearchInterfaceImpl.java","filePath":"project/src/main/java/project/app/server/repository/SearchInterfaceImpl.java","isDisplay":false}],"entities":{"filePath":"project/src/main/java/project/app/shared/location/Timezone.java","fileName":"Timezone.java"}}]}#appfire#I#appfire#WCWWPNJWOVPVNTBP6T8KA#appfire#ba9dced8-453e-49a3-b627-d497a1f91b17#appfire#1#appfire#\N#appfire#2015-11-03 16:48:00#appfire#\N#appfire#2015-11-03 16:48:00#appfire#1#appfire#1#appfire#AFD56971-2C87-49F5-8589-A86C22BFC7CA
17B80DE7-3BA7-45B6-BF72-810D262A9333#appfire#TalukaService#appfire#project.app.server.service.TalukaService#appfire#{"resourceMapping":"/Taluka","defaultMethodType":"","defaultContentType":""}#appfire#{"repository":{"filePath":"project/src/main/java/project/app/server/service/TalukaService.java","fileName":"TalukaService.java"},"implementInterface":[],"extendsClass":[],"repositories":[{"repository":{"filePath":"project/src/main/java/project/app/server/repository/TalukaRepositoryImpl.java","fileName":"TalukaRepositoryImpl.java"},"implementInterface":[{"filePath":"project/src/main/java/project/app/server/repository/TalukaRepository.java","fileName":"TalukaRepository.java"}],"extendsClass":[{"fileName":"SearchInterfaceImpl.java","filePath":"project/src/main/java/project/app/server/repository/SearchInterfaceImpl.java","isDisplay":false}],"entities":{"filePath":"project/src/main/java/project/app/shared/location/Taluka.java","fileName":"Taluka.java"}}]}#appfire#I#appfire#WCWWPNJWOVPVNTBP6T8KA#appfire#ba9dced8-453e-49a3-b627-d497a1f91b17#appfire#1#appfire#\N#appfire#2015-11-03 16:48:05#appfire#\N#appfire#2015-11-03 16:48:05#appfire#1#appfire#1#appfire#B759FA84-E0E6-4A3D-AB02-4CE93F97C2EA
208C210C-FCA6-4A1F-B896-E7F14F6C1EF5#appfire#CountryService#appfire#project.app.server.service.CountryService#appfire#{"resourceMapping":"/Country","defaultMethodType":"","defaultContentType":""}#appfire#{"repository":{"filePath":"project/src/main/java/project/app/server/service/CountryService.java","fileName":"CountryService.java"},"implementInterface":[],"extendsClass":[],"repositories":[{"repository":{"filePath":"project/src/main/java/project/app/server/repository/CountryRepositoryImpl.java","fileName":"CountryRepositoryImpl.java"},"implementInterface":[{"filePath":"project/src/main/java/project/app/server/repository/CountryRepository.java","fileName":"CountryRepository.java"}],"extendsClass":[{"fileName":"SearchInterfaceImpl.java","filePath":"project/src/main/java/project/app/server/repository/SearchInterfaceImpl.java","isDisplay":false}],"entities":{"filePath":"project/src/main/java/project/app/shared/location/Country.java","fileName":"Country.java"}}]}#appfire#I#appfire#WCWWPNJWOVPVNTBP6T8KA#appfire#ba9dced8-453e-49a3-b627-d497a1f91b17#appfire#1#appfire#\N#appfire#2015-11-03 16:48:01#appfire#\N#appfire#2015-11-03 16:48:01#appfire#1#appfire#1#appfire#0703E9A6-5348-48B0-A292-FE2E76667465
22F002CA-5F15-4718-A1AD-3231059E23DE#appfire#VillageService#appfire#project.app.server.service.VillageService#appfire#{"resourceMapping":"/Village","defaultMethodType":"","defaultContentType":""}#appfire#{"repository":{"filePath":"project/src/main/java/project/app/server/service/VillageService.java","fileName":"VillageService.java"},"implementInterface":[],"extendsClass":[],"repositories":[{"repository":{"filePath":"project/src/main/java/project/app/server/repository/VillageRepositoryImpl.java","fileName":"VillageRepositoryImpl.java"},"implementInterface":[{"filePath":"project/src/main/java/project/app/server/repository/VillageRepository.java","fileName":"VillageRepository.java"}],"extendsClass":[{"fileName":"SearchInterfaceImpl.java","filePath":"project/src/main/java/project/app/server/repository/SearchInterfaceImpl.java","isDisplay":false}],"entities":{"filePath":"project/src/main/java/project/app/shared/location/Village.java","fileName":"Village.java"}}]}#appfire#I#appfire#WCWWPNJWOVPVNTBP6T8KA#appfire#ba9dced8-453e-49a3-b627-d497a1f91b17#appfire#1#appfire#\N#appfire#2015-11-03 16:48:05#appfire#\N#appfire#2015-11-03 16:48:05#appfire#1#appfire#1#appfire#470B9F91-813E-4CDA-8D53-B74F18E12CE2
2D36191A-3958-446F-87D5-504CF30664C9#appfire#QuestionService#appfire#project.app.server.service.QuestionService#appfire#{"resourceMapping":"/Question","defaultMethodType":"","defaultContentType":""}#appfire#{"repository":{"filePath":"project/src/main/java/project/app/server/service/QuestionService.java","fileName":"QuestionService.java"},"implementInterface":[],"extendsClass":[],"repositories":[{"repository":{"filePath":"project/src/main/java/project/app/server/repository/QuestionRepositoryImpl.java","fileName":"QuestionRepositoryImpl.java"},"implementInterface":[{"filePath":"project/src/main/java/project/app/server/repository/QuestionRepository.java","fileName":"QuestionRepository.java"}],"extendsClass":[{"fileName":"SearchInterfaceImpl.java","filePath":"project/src/main/java/project/app/server/repository/SearchInterfaceImpl.java","isDisplay":false}],"entities":{"filePath":"project/src/main/java/project/app/shared/authentication/Question.java","fileName":"Question.java"}}]}#appfire#I#appfire#WCWWPNJWOVPVNTBP6T8KA#appfire#ba9dced8-453e-49a3-b627-d497a1f91b17#appfire#1#appfire#\N#appfire#2015-11-03 16:48:14#appfire#\N#appfire#2015-11-03 16:48:14#appfire#1#appfire#1#appfire#EA31A421-70E8-42CC-A8CB-F5A0D5AFB384
3CAFAD6F-9F6D-465C-AED8-F7945F11E400#appfire#UserAccessLevelService#appfire#project.app.server.service.UserAccessLevelService#appfire#{"resourceMapping":"/UserAccessLevel","defaultMethodType":"","defaultContentType":""}#appfire#{"repository":{"filePath":"project/src/main/java/project/app/server/service/UserAccessLevelService.java","fileName":"UserAccessLevelService.java"},"implementInterface":[],"extendsClass":[],"repositories":[{"repository":{"filePath":"project/src/main/java/project/app/server/repository/UserAccessLevelRepositoryImpl.java","fileName":"UserAccessLevelRepositoryImpl.java"},"implementInterface":[{"filePath":"project/src/main/java/project/app/server/repository/UserAccessLevelRepository.java","fileName":"UserAccessLevelRepository.java"}],"extendsClass":[{"fileName":"SearchInterfaceImpl.java","filePath":"project/src/main/java/project/app/server/repository/SearchInterfaceImpl.java","isDisplay":false}],"entities":{"filePath":"project/src/main/java/project/app/shared/authentication/UserAccessLevel.java","fileName":"UserAccessLevel.java"}}]}#appfire#I#appfire#WCWWPNJWOVPVNTBP6T8KA#appfire#ba9dced8-453e-49a3-b627-d497a1f91b17#appfire#1#appfire#\N#appfire#2015-11-03 16:48:15#appfire#\N#appfire#2015-11-03 16:48:15#appfire#1#appfire#1#appfire#30053064-0D28-4605-A686-70A6C8A1F491
4007D3A4-B307-4210-83E8-7AED47BC80FB#appfire#RolesService#appfire#project.app.server.service.RolesService#appfire#{"resourceMapping":"/Roles","defaultMethodType":"","defaultContentType":""}#appfire#{"repository":{"filePath":"project/src/main/java/project/app/server/service/RolesService.java","fileName":"RolesService.java"},"implementInterface":[],"extendsClass":[],"repositories":[{"repository":{"filePath":"project/src/main/java/project/app/server/repository/RolesRepositoryImpl.java","fileName":"RolesRepositoryImpl.java"},"implementInterface":[{"filePath":"project/src/main/java/project/app/server/repository/RolesRepository.java","fileName":"RolesRepository.java"}],"extendsClass":[{"fileName":"SearchInterfaceImpl.java","filePath":"project/src/main/java/project/app/server/repository/SearchInterfaceImpl.java","isDisplay":false}],"entities":{"filePath":"project/src/main/java/project/app/shared/authorization/Roles.java","fileName":"Roles.java"}}]}#appfire#I#appfire#WCWWPNJWOVPVNTBP6T8KA#appfire#ba9dced8-453e-49a3-b627-d497a1f91b17#appfire#1#appfire#\N#appfire#2015-11-03 16:48:21#appfire#\N#appfire#2015-11-03 16:48:21#appfire#1#appfire#1#appfire#273FEF99-7DEC-4691-8C47-341A9A97A3BF
442DBD16-3BD6-480A-963D-77E4679EF34C#appfire#UserAccessDomainService#appfire#project.app.server.service.UserAccessDomainService#appfire#{"resourceMapping":"/UserAccessDomain","defaultMethodType":"","defaultContentType":""}#appfire#{"repository":{"filePath":"project/src/main/java/project/app/server/service/UserAccessDomainService.java","fileName":"UserAccessDomainService.java"},"implementInterface":[],"extendsClass":[],"repositories":[{"repository":{"filePath":"project/src/main/java/project/app/server/repository/UserAccessDomainRepositoryImpl.java","fileName":"UserAccessDomainRepositoryImpl.java"},"implementInterface":[{"filePath":"project/src/main/java/project/app/server/repository/UserAccessDomainRepository.java","fileName":"UserAccessDomainRepository.java"}],"extendsClass":[{"fileName":"SearchInterfaceImpl.java","filePath":"project/src/main/java/project/app/server/repository/SearchInterfaceImpl.java","isDisplay":false}],"entities":{"filePath":"project/src/main/java/project/app/shared/authentication/UserAccessDomain.java","fileName":"UserAccessDomain.java"}}]}#appfire#I#appfire#WCWWPNJWOVPVNTBP6T8KA#appfire#ba9dced8-453e-49a3-b627-d497a1f91b17#appfire#1#appfire#\N#appfire#2015-11-03 16:48:15#appfire#\N#appfire#2015-11-03 16:48:15#appfire#1#appfire#1#appfire#034873A7-6E99-4C25-9E4E-D4B77E695430
5478EA0E-56DE-43BD-B20A-4F7C8C2C93FA#appfire#UserRoleBridgeService#appfire#project.app.server.service.UserRoleBridgeService#appfire#{"resourceMapping":"/UserRoleBridge","defaultMethodType":"","defaultContentType":""}#appfire#{"repository":{"filePath":"project/src/main/java/project/app/server/service/UserRoleBridgeService.java","fileName":"UserRoleBridgeService.java"},"implementInterface":[],"extendsClass":[],"repositories":[{"repository":{"filePath":"project/src/main/java/project/app/server/repository/UserRoleBridgeRepositoryImpl.java","fileName":"UserRoleBridgeRepositoryImpl.java"},"implementInterface":[{"filePath":"project/src/main/java/project/app/server/repository/UserRoleBridgeRepository.java","fileName":"UserRoleBridgeRepository.java"}],"extendsClass":[{"fileName":"SearchInterfaceImpl.java","filePath":"project/src/main/java/project/app/server/repository/SearchInterfaceImpl.java","isDisplay":false}],"entities":{"filePath":"project/src/main/java/project/app/shared/authorization/UserRoleBridge.java","fileName":"UserRoleBridge.java"}}]}#appfire#I#appfire#WCWWPNJWOVPVNTBP6T8KA#appfire#ba9dced8-453e-49a3-b627-d497a1f91b17#appfire#1#appfire#\N#appfire#2015-11-03 16:48:23#appfire#\N#appfire#2015-11-03 16:48:23#appfire#1#appfire#1#appfire#FB4E14A6-7E1A-4833-B5A8-E259A3A2349A
591331E1-1A3A-416F-B48A-1C097650C608#appfire#PasswordPolicyService#appfire#project.app.server.service.PasswordPolicyService#appfire#{"resourceMapping":"/PasswordPolicy","defaultMethodType":"","defaultContentType":""}#appfire#{"repository":{"filePath":"project/src/main/java/project/app/server/service/PasswordPolicyService.java","fileName":"PasswordPolicyService.java"},"implementInterface":[],"extendsClass":[],"repositories":[{"repository":{"filePath":"project/src/main/java/project/app/server/repository/PasswordPolicyRepositoryImpl.java","fileName":"PasswordPolicyRepositoryImpl.java"},"implementInterface":[{"filePath":"project/src/main/java/project/app/server/repository/PasswordPolicyRepository.java","fileName":"PasswordPolicyRepository.java"}],"extendsClass":[{"fileName":"SearchInterfaceImpl.java","filePath":"project/src/main/java/project/app/server/repository/SearchInterfaceImpl.java","isDisplay":false}],"entities":{"filePath":"project/src/main/java/project/app/shared/authentication/PasswordPolicy.java","fileName":"PasswordPolicy.java"}}]}#appfire#I#appfire#WCWWPNJWOVPVNTBP6T8KA#appfire#ba9dced8-453e-49a3-b627-d497a1f91b17#appfire#1#appfire#\N#appfire#2015-11-03 16:48:13#appfire#\N#appfire#2015-11-03 16:48:13#appfire#1#appfire#1#appfire#D95B98C8-A425-4256-89BC-96FDB71A5DBE
66EE54E9-157C-481D-B662-962C4F71B73B#appfire#ContactTypeService#appfire#project.app.server.service.ContactTypeService#appfire#{"resourceMapping":"/ContactType","defaultMethodType":"","defaultContentType":""}#appfire#{"repository":{"filePath":"project/src/main/java/project/app/server/service/ContactTypeService.java","fileName":"ContactTypeService.java"},"implementInterface":[],"extendsClass":[],"repositories":[{"repository":{"filePath":"project/src/main/java/project/app/server/repository/ContactTypeRepositoryImpl.java","fileName":"ContactTypeRepositoryImpl.java"},"implementInterface":[{"filePath":"project/src/main/java/project/app/server/repository/ContactTypeRepository.java","fileName":"ContactTypeRepository.java"}],"extendsClass":[{"fileName":"SearchInterfaceImpl.java","filePath":"project/src/main/java/project/app/server/repository/SearchInterfaceImpl.java","isDisplay":false}],"entities":{"filePath":"project/src/main/java/project/app/shared/contacts/ContactType.java","fileName":"ContactType.java"}}]}#appfire#I#appfire#WCWWPNJWOVPVNTBP6T8KA#appfire#ba9dced8-453e-49a3-b627-d497a1f91b17#appfire#1#appfire#\N#appfire#2015-11-03 16:48:08#appfire#\N#appfire#2015-11-03 16:48:08#appfire#1#appfire#1#appfire#4F3A91B2-6989-4596-9A89-AE9E34BC2659
700447C0-A5CB-435D-8A94-A19E399EB52C#appfire#RegionService#appfire#project.app.server.service.RegionService#appfire#{"resourceMapping":"/Region","defaultMethodType":"","defaultContentType":""}#appfire#{"repository":{"filePath":"project/src/main/java/project/app/server/service/RegionService.java","fileName":"RegionService.java"},"implementInterface":[],"extendsClass":[],"repositories":[{"repository":{"filePath":"project/src/main/java/project/app/server/repository/RegionRepositoryImpl.java","fileName":"RegionRepositoryImpl.java"},"implementInterface":[{"filePath":"project/src/main/java/project/app/server/repository/RegionRepository.java","fileName":"RegionRepository.java"}],"extendsClass":[{"fileName":"SearchInterfaceImpl.java","filePath":"project/src/main/java/project/app/server/repository/SearchInterfaceImpl.java","isDisplay":false}],"entities":{"filePath":"project/src/main/java/project/app/shared/location/Region.java","fileName":"Region.java"}}]}#appfire#I#appfire#WCWWPNJWOVPVNTBP6T8KA#appfire#ba9dced8-453e-49a3-b627-d497a1f91b17#appfire#1#appfire#\N#appfire#2015-11-03 16:48:02#appfire#\N#appfire#2015-11-03 16:48:02#appfire#1#appfire#1#appfire#F7B8D4C2-B3DA-4A7F-8C5B-E2766476052D
76163BC2-CB8E-42F9-988E-4B7527985055#appfire#PasswordAlgoService#appfire#project.app.server.service.PasswordAlgoService#appfire#{"resourceMapping":"/PasswordAlgo","defaultMethodType":"","defaultContentType":""}#appfire#{"repository":{"filePath":"project/src/main/java/project/app/server/service/PasswordAlgoService.java","fileName":"PasswordAlgoService.java"},"implementInterface":[],"extendsClass":[],"repositories":[{"repository":{"filePath":"project/src/main/java/project/app/server/repository/PasswordAlgoRepositoryImpl.java","fileName":"PasswordAlgoRepositoryImpl.java"},"implementInterface":[{"filePath":"project/src/main/java/project/app/server/repository/PasswordAlgoRepository.java","fileName":"PasswordAlgoRepository.java"}],"extendsClass":[{"fileName":"SearchInterfaceImpl.java","filePath":"project/src/main/java/project/app/server/repository/SearchInterfaceImpl.java","isDisplay":false}],"entities":{"filePath":"project/src/main/java/project/app/shared/authentication/PasswordAlgo.java","fileName":"PasswordAlgo.java"}}]}#appfire#I#appfire#WCWWPNJWOVPVNTBP6T8KA#appfire#ba9dced8-453e-49a3-b627-d497a1f91b17#appfire#1#appfire#\N#appfire#2015-11-03 16:48:13#appfire#\N#appfire#2015-11-03 16:48:13#appfire#1#appfire#1#appfire#0C5BA9DE-6BDA-48D3-B3F0-C7F2CFF5E012
7805E78F-E57A-4E69-B2D4-7833C1EB8578#appfire#DistrictService#appfire#project.app.server.service.DistrictService#appfire#{"resourceMapping":"/District","defaultMethodType":"","defaultContentType":""}#appfire#{"repository":{"filePath":"project/src/main/java/project/app/server/service/DistrictService.java","fileName":"DistrictService.java"},"implementInterface":[],"extendsClass":[],"repositories":[{"repository":{"filePath":"project/src/main/java/project/app/server/repository/DistrictRepositoryImpl.java","fileName":"DistrictRepositoryImpl.java"},"implementInterface":[{"filePath":"project/src/main/java/project/app/server/repository/DistrictRepository.java","fileName":"DistrictRepository.java"}],"extendsClass":[{"fileName":"SearchInterfaceImpl.java","filePath":"project/src/main/java/project/app/server/repository/SearchInterfaceImpl.java","isDisplay":false}],"entities":{"filePath":"project/src/main/java/project/app/shared/location/District.java","fileName":"District.java"}}]}#appfire#I#appfire#WCWWPNJWOVPVNTBP6T8KA#appfire#ba9dced8-453e-49a3-b627-d497a1f91b17#appfire#1#appfire#\N#appfire#2015-11-03 16:48:03#appfire#\N#appfire#2015-11-03 16:48:03#appfire#1#appfire#1#appfire#C6EFF323-2592-4953-B699-C7EC9DAA7ABB
90C6180C-C0B0-4121-919A-CEF4D972ED1B#appfire#CommunicationTypeService#appfire#project.app.server.service.CommunicationTypeService#appfire#{"resourceMapping":"/CommunicationType","defaultMethodType":"","defaultContentType":""}#appfire#{"repository":{"filePath":"project/src/main/java/project/app/server/service/CommunicationTypeService.java","fileName":"CommunicationTypeService.java"},"implementInterface":[],"extendsClass":[],"repositories":[{"repository":{"filePath":"project/src/main/java/project/app/server/repository/CommunicationTypeRepositoryImpl.java","fileName":"CommunicationTypeRepositoryImpl.java"},"implementInterface":[{"filePath":"project/src/main/java/project/app/server/repository/CommunicationTypeRepository.java","fileName":"CommunicationTypeRepository.java"}],"extendsClass":[{"fileName":"SearchInterfaceImpl.java","filePath":"project/src/main/java/project/app/server/repository/SearchInterfaceImpl.java","isDisplay":false}],"entities":{"filePath":"project/src/main/java/project/app/shared/contacts/CommunicationType.java","fileName":"CommunicationType.java"}}]}#appfire#I#appfire#WCWWPNJWOVPVNTBP6T8KA#appfire#ba9dced8-453e-49a3-b627-d497a1f91b17#appfire#1#appfire#\N#appfire#2015-11-03 16:48:09#appfire#\N#appfire#2015-11-03 16:48:09#appfire#1#appfire#1#appfire#85DDF942-BCEE-433B-91B2-9953D2794FCB
932D972B-1348-47F0-A722-1FAF82D90BA1#appfire#CoreContactsService#appfire#project.app.server.service.CoreContactsService#appfire#{"resourceMapping":"/CoreContacts","defaultMethodType":"","defaultContentType":""}#appfire#{"repository":{"filePath":"project/src/main/java/project/app/server/service/CoreContactsService.java","fileName":"CoreContactsService.java"},"implementInterface":[],"extendsClass":[],"repositories":[{"repository":{"filePath":"project/src/main/java/project/app/server/repository/CoreContactsRepositoryImpl.java","fileName":"CoreContactsRepositoryImpl.java"},"implementInterface":[{"filePath":"project/src/main/java/project/app/server/repository/CoreContactsRepository.java","fileName":"CoreContactsRepository.java"}],"extendsClass":[{"fileName":"SearchInterfaceImpl.java","filePath":"project/src/main/java/project/app/server/repository/SearchInterfaceImpl.java","isDisplay":false}],"entities":{"filePath":"project/src/main/java/project/app/shared/contacts/CoreContacts.java","fileName":"CoreContacts.java"}}]}#appfire#I#appfire#WCWWPNJWOVPVNTBP6T8KA#appfire#ba9dced8-453e-49a3-b627-d497a1f91b17#appfire#1#appfire#\N#appfire#2015-11-03 16:48:11#appfire#\N#appfire#2015-11-03 16:48:11#appfire#1#appfire#1#appfire#03E571A0-3DC7-4DD0-97D7-36856904376E
A5B15C17-5478-4EEA-8526-2A6FF84C0386#appfire#LoginService#appfire#project.app.server.service.LoginService#appfire#{"resourceMapping":"/Login","defaultMethodType":"","defaultContentType":""}#appfire#{"repository":{"filePath":"project/src/main/java/project/app/server/service/LoginService.java","fileName":"LoginService.java"},"implementInterface":[],"extendsClass":[],"repositories":[{"repository":{"filePath":"project/src/main/java/project/app/server/repository/LoginRepositoryImpl.java","fileName":"LoginRepositoryImpl.java"},"implementInterface":[{"filePath":"project/src/main/java/project/app/server/repository/LoginRepository.java","fileName":"LoginRepository.java"}],"extendsClass":[{"fileName":"SearchInterfaceImpl.java","filePath":"project/src/main/java/project/app/server/repository/SearchInterfaceImpl.java","isDisplay":false}],"entities":{"filePath":"project/src/main/java/project/app/shared/authentication/Login.java","fileName":"Login.java"}}]}#appfire#I#appfire#WCWWPNJWOVPVNTBP6T8KA#appfire#ba9dced8-453e-49a3-b627-d497a1f91b17#appfire#1#appfire#\N#appfire#2015-11-03 16:48:17#appfire#\N#appfire#2015-11-03 16:48:17#appfire#1#appfire#1#appfire#81C24EC2-4CC8-43D3-9872-C9DC0CB552E0
A8D47AA0-6B1B-452F-8A5B-883547B2B2EA#appfire#LanguageService#appfire#project.app.server.service.LanguageService#appfire#{"resourceMapping":"/Language","defaultMethodType":"","defaultContentType":""}#appfire#{"repository":{"filePath":"project/src/main/java/project/app/server/service/LanguageService.java","fileName":"LanguageService.java"},"implementInterface":[],"extendsClass":[],"repositories":[{"repository":{"filePath":"project/src/main/java/project/app/server/repository/LanguageRepositoryImpl.java","fileName":"LanguageRepositoryImpl.java"},"implementInterface":[{"filePath":"project/src/main/java/project/app/server/repository/LanguageRepository.java","fileName":"LanguageRepository.java"}],"extendsClass":[{"fileName":"SearchInterfaceImpl.java","filePath":"project/src/main/java/project/app/server/repository/SearchInterfaceImpl.java","isDisplay":false}],"entities":{"filePath":"project/src/main/java/project/app/shared/location/Language.java","fileName":"Language.java"}}]}#appfire#I#appfire#WCWWPNJWOVPVNTBP6T8KA#appfire#ba9dced8-453e-49a3-b627-d497a1f91b17#appfire#1#appfire#\N#appfire#2015-11-03 16:48:00#appfire#\N#appfire#2015-11-03 16:48:00#appfire#1#appfire#1#appfire#EBB58DEB-33FA-42E2-9E34-96DA013F0476
AB7A2C7E-0B2B-4588-BF58-A4B4CF444690#appfire#CurrencyService#appfire#project.app.server.service.CurrencyService#appfire#{"resourceMapping":"/Currency","defaultMethodType":"","defaultContentType":""}#appfire#{"repository":{"filePath":"project/src/main/java/project/app/server/service/CurrencyService.java","fileName":"CurrencyService.java"},"implementInterface":[],"extendsClass":[],"repositories":[{"repository":{"filePath":"project/src/main/java/project/app/server/repository/CurrencyRepositoryImpl.java","fileName":"CurrencyRepositoryImpl.java"},"implementInterface":[{"filePath":"project/src/main/java/project/app/server/repository/CurrencyRepository.java","fileName":"CurrencyRepository.java"}],"extendsClass":[{"fileName":"SearchInterfaceImpl.java","filePath":"project/src/main/java/project/app/server/repository/SearchInterfaceImpl.java","isDisplay":false}],"entities":{"filePath":"project/src/main/java/project/app/shared/location/Currency.java","fileName":"Currency.java"}}]}#appfire#I#appfire#WCWWPNJWOVPVNTBP6T8KA#appfire#ba9dced8-453e-49a3-b627-d497a1f91b17#appfire#1#appfire#\N#appfire#2015-11-03 16:48:01#appfire#\N#appfire#2015-11-03 16:48:01#appfire#1#appfire#1#appfire#BB5A4277-E44C-4072-BAE2-2FBA1AECD147
B7586A10-4991-4840-9AE5-616A70A31F26#appfire#GenderService#appfire#project.app.server.service.GenderService#appfire#{"resourceMapping":"/Gender","defaultMethodType":"","defaultContentType":""}#appfire#{"repository":{"filePath":"project/src/main/java/project/app/server/service/GenderService.java","fileName":"GenderService.java"},"implementInterface":[],"extendsClass":[],"repositories":[{"repository":{"filePath":"project/src/main/java/project/app/server/repository/GenderRepositoryImpl.java","fileName":"GenderRepositoryImpl.java"},"implementInterface":[{"filePath":"project/src/main/java/project/app/server/repository/GenderRepository.java","fileName":"GenderRepository.java"}],"extendsClass":[{"fileName":"SearchInterfaceImpl.java","filePath":"project/src/main/java/project/app/server/repository/SearchInterfaceImpl.java","isDisplay":false}],"entities":{"filePath":"project/src/main/java/project/app/shared/contacts/Gender.java","fileName":"Gender.java"}}]}#appfire#I#appfire#WCWWPNJWOVPVNTBP6T8KA#appfire#ba9dced8-453e-49a3-b627-d497a1f91b17#appfire#1#appfire#\N#appfire#2015-11-03 16:48:10#appfire#\N#appfire#2015-11-03 16:48:10#appfire#1#appfire#1#appfire#5C793CDA-8FB6-4C2A-B490-1F989D18DC70
BAC76E84-6BF3-420F-A668-79C21ED77689#appfire#AddressTypeService#appfire#project.app.server.service.AddressTypeService#appfire#{"resourceMapping":"/AddressType","defaultMethodType":"","defaultContentType":""}#appfire#{"repository":{"filePath":"project/src/main/java/project/app/server/service/AddressTypeService.java","fileName":"AddressTypeService.java"},"implementInterface":[],"extendsClass":[],"repositories":[{"repository":{"filePath":"project/src/main/java/project/app/server/repository/AddressTypeRepositoryImpl.java","fileName":"AddressTypeRepositoryImpl.java"},"implementInterface":[{"filePath":"project/src/main/java/project/app/server/repository/AddressTypeRepository.java","fileName":"AddressTypeRepository.java"}],"extendsClass":[{"fileName":"SearchInterfaceImpl.java","filePath":"project/src/main/java/project/app/server/repository/SearchInterfaceImpl.java","isDisplay":false}],"entities":{"filePath":"project/src/main/java/project/app/shared/location/AddressType.java","fileName":"AddressType.java"}}]}#appfire#I#appfire#WCWWPNJWOVPVNTBP6T8KA#appfire#ba9dced8-453e-49a3-b627-d497a1f91b17#appfire#1#appfire#\N#appfire#2015-11-03 16:48:06#appfire#\N#appfire#2015-11-03 16:48:06#appfire#1#appfire#1#appfire#1F6A36FB-8FEA-4C2A-9E68-98AD57828BA6
CA04A3C0-E761-42E8-8F41-E01884470FA4#appfire#StateService#appfire#project.app.server.service.StateService#appfire#{"resourceMapping":"/State","defaultMethodType":"","defaultContentType":""}#appfire#{"repository":{"filePath":"project/src/main/java/project/app/server/service/StateService.java","fileName":"StateService.java"},"implementInterface":[],"extendsClass":[],"repositories":[{"repository":{"filePath":"project/src/main/java/project/app/server/repository/StateRepositoryImpl.java","fileName":"StateRepositoryImpl.java"},"implementInterface":[{"filePath":"project/src/main/java/project/app/server/repository/StateRepository.java","fileName":"StateRepository.java"}],"extendsClass":[{"fileName":"SearchInterfaceImpl.java","filePath":"project/src/main/java/project/app/server/repository/SearchInterfaceImpl.java","isDisplay":false}],"entities":{"filePath":"project/src/main/java/project/app/shared/location/State.java","fileName":"State.java"}}]}#appfire#I#appfire#WCWWPNJWOVPVNTBP6T8KA#appfire#ba9dced8-453e-49a3-b627-d497a1f91b17#appfire#1#appfire#\N#appfire#2015-11-03 16:48:02#appfire#\N#appfire#2015-11-03 16:48:02#appfire#1#appfire#1#appfire#840AC092-7659-4000-9D17-8EA7C47FB0ED
CC339DCE-CBD2-4CC5-939A-E41DDCAC4C95#appfire#AppMenusService#appfire#project.app.server.service.AppMenusService#appfire#{"resourceMapping":"/AppMenus","defaultMethodType":"","defaultContentType":""}#appfire#{"repository":{"filePath":"project/src/main/java/project/app/server/service/AppMenusService.java","fileName":"AppMenusService.java"},"implementInterface":[],"extendsClass":[],"repositories":[{"repository":{"filePath":"project/src/main/java/project/app/server/repository/AppMenusRepositoryImpl.java","fileName":"AppMenusRepositoryImpl.java"},"implementInterface":[{"filePath":"project/src/main/java/project/app/server/repository/AppMenusRepository.java","fileName":"AppMenusRepository.java"}],"extendsClass":[{"fileName":"SearchInterfaceImpl.java","filePath":"project/src/main/java/project/app/server/repository/SearchInterfaceImpl.java","isDisplay":false}],"entities":{"filePath":"project/src/main/java/project/app/shared/authorization/AppMenus.java","fileName":"AppMenus.java"}}]}#appfire#I#appfire#WCWWPNJWOVPVNTBP6T8KA#appfire#ba9dced8-453e-49a3-b627-d497a1f91b17#appfire#1#appfire#\N#appfire#2015-11-03 16:48:22#appfire#\N#appfire#2015-11-03 16:48:22#appfire#1#appfire#1#appfire#722238B0-FC8D-4A43-90BE-DE093CA31F27
D86C0E97-A126-4A2A-B82C-235A4B57AF57#appfire#AppCustomerTypeService#appfire#project.app.server.service.AppCustomerTypeService#appfire#{"resourceMapping":"/AppCustomerType","defaultMethodType":"","defaultContentType":""}#appfire#{"repository":{"filePath":"project/src/main/java/project/app/server/service/AppCustomerTypeService.java","fileName":"AppCustomerTypeService.java"},"implementInterface":[],"extendsClass":[],"repositories":[{"repository":{"filePath":"project/src/main/java/project/app/server/repository/AppCustomerTypeRepositoryImpl.java","fileName":"AppCustomerTypeRepositoryImpl.java"},"implementInterface":[{"filePath":"project/src/main/java/project/app/server/repository/AppCustomerTypeRepository.java","fileName":"AppCustomerTypeRepository.java"}],"extendsClass":[{"fileName":"SearchInterfaceImpl.java","filePath":"project/src/main/java/project/app/server/repository/SearchInterfaceImpl.java","isDisplay":false}],"entities":{"filePath":"project/src/main/java/project/app/shared/customers/AppCustomerType.java","fileName":"AppCustomerType.java"}}]}#appfire#I#appfire#WCWWPNJWOVPVNTBP6T8KA#appfire#ba9dced8-453e-49a3-b627-d497a1f91b17#appfire#1#appfire#\N#appfire#2015-11-03 16:48:23#appfire#\N#appfire#2015-11-03 16:48:23#appfire#1#appfire#1#appfire#248C4181-A91C-49FC-9D37-057948234391
E34CB278-B09A-4551-BA43-09ADC2B88B4D#appfire#CommunicationGroupService#appfire#project.app.server.service.CommunicationGroupService#appfire#{"resourceMapping":"/CommunicationGroup","defaultMethodType":"","defaultContentType":""}#appfire#{"repository":{"filePath":"project/src/main/java/project/app/server/service/CommunicationGroupService.java","fileName":"CommunicationGroupService.java"},"implementInterface":[],"extendsClass":[],"repositories":[{"repository":{"filePath":"project/src/main/java/project/app/server/repository/CommunicationGroupRepositoryImpl.java","fileName":"CommunicationGroupRepositoryImpl.java"},"implementInterface":[{"filePath":"project/src/main/java/project/app/server/repository/CommunicationGroupRepository.java","fileName":"CommunicationGroupRepository.java"}],"extendsClass":[{"fileName":"SearchInterfaceImpl.java","filePath":"project/src/main/java/project/app/server/repository/SearchInterfaceImpl.java","isDisplay":false}],"entities":{"filePath":"project/src/main/java/project/app/shared/contacts/CommunicationGroup.java","fileName":"CommunicationGroup.java"}}]}#appfire#I#appfire#WCWWPNJWOVPVNTBP6T8KA#appfire#ba9dced8-453e-49a3-b627-d497a1f91b17#appfire#1#appfire#\N#appfire#2015-11-03 16:48:08#appfire#\N#appfire#2015-11-03 16:48:08#appfire#1#appfire#1#appfire#18592D45-B950-4A9D-8A95-E5E2342966C7
E56A2B8E-4A35-4813-8746-D00E9DAED6CC#appfire#AppCustomerService#appfire#project.app.server.service.AppCustomerService#appfire#{"resourceMapping":"/AppCustomer","defaultMethodType":"","defaultContentType":""}#appfire#{"repository":{"filePath":"project/src/main/java/project/app/server/service/AppCustomerService.java","fileName":"AppCustomerService.java"},"implementInterface":[],"extendsClass":[],"repositories":[{"repository":{"filePath":"project/src/main/java/project/app/server/repository/AppCustomerRepositoryImpl.java","fileName":"AppCustomerRepositoryImpl.java"},"implementInterface":[{"filePath":"project/src/main/java/project/app/server/repository/AppCustomerRepository.java","fileName":"AppCustomerRepository.java"}],"extendsClass":[{"fileName":"SearchInterfaceImpl.java","filePath":"project/src/main/java/project/app/server/repository/SearchInterfaceImpl.java","isDisplay":false}],"entities":{"filePath":"project/src/main/java/project/app/shared/customers/AppCustomer.java","fileName":"AppCustomer.java"}}]}#appfire#I#appfire#WCWWPNJWOVPVNTBP6T8KA#appfire#ba9dced8-453e-49a3-b627-d497a1f91b17#appfire#1#appfire#\N#appfire#2015-11-03 16:48:24#appfire#\N#appfire#2015-11-03 16:48:24#appfire#1#appfire#1#appfire#AB501157-424C-497B-83AE-4104F99EA816
F6D20F72-BA97-4601-87D7-2BF6722667E8#appfire#AppCustomerCategoryService#appfire#project.app.server.service.AppCustomerCategoryService#appfire#{"resourceMapping":"/AppCustomerCategory","defaultMethodType":"","defaultContentType":""}#appfire#{"repository":{"filePath":"project/src/main/java/project/app/server/service/AppCustomerCategoryService.java","fileName":"AppCustomerCategoryService.java"},"implementInterface":[],"extendsClass":[],"repositories":[{"repository":{"filePath":"project/src/main/java/project/app/server/repository/AppCustomerCategoryRepositoryImpl.java","fileName":"AppCustomerCategoryRepositoryImpl.java"},"implementInterface":[{"filePath":"project/src/main/java/project/app/server/repository/AppCustomerCategoryRepository.java","fileName":"AppCustomerCategoryRepository.java"}],"extendsClass":[{"fileName":"SearchInterfaceImpl.java","filePath":"project/src/main/java/project/app/server/repository/SearchInterfaceImpl.java","isDisplay":false}],"entities":{"filePath":"project/src/main/java/project/app/shared/customers/AppCustomerCategory.java","fileName":"AppCustomerCategory.java"}}]}#appfire#I#appfire#WCWWPNJWOVPVNTBP6T8KA#appfire#ba9dced8-453e-49a3-b627-d497a1f91b17#appfire#1#appfire#\N#appfire#2015-11-03 16:48:24#appfire#\N#appfire#2015-11-03 16:48:24#appfire#1#appfire#1#appfire#ECB70648-28B5-4AE4-83B7-722A13AEB1F4
FB88060E-4A6B-4891-ABF4-CD0BA2127229#appfire#CityService#appfire#project.app.server.service.CityService#appfire#{"resourceMapping":"/City","defaultMethodType":"","defaultContentType":""}#appfire#{"repository":{"filePath":"project/src/main/java/project/app/server/service/CityService.java","fileName":"CityService.java"},"implementInterface":[],"extendsClass":[],"repositories":[{"repository":{"filePath":"project/src/main/java/project/app/server/repository/CityRepositoryImpl.java","fileName":"CityRepositoryImpl.java"},"implementInterface":[{"filePath":"project/src/main/java/project/app/server/repository/CityRepository.java","fileName":"CityRepository.java"}],"extendsClass":[{"fileName":"SearchInterfaceImpl.java","filePath":"project/src/main/java/project/app/server/repository/SearchInterfaceImpl.java","isDisplay":false}],"entities":{"filePath":"project/src/main/java/project/app/shared/location/City.java","fileName":"City.java"}}]}#appfire#I#appfire#WCWWPNJWOVPVNTBP6T8KA#appfire#ba9dced8-453e-49a3-b627-d497a1f91b17#appfire#1#appfire#\N#appfire#2015-11-03 16:48:04#appfire#\N#appfire#2015-11-03 16:48:04#appfire#1#appfire#1#appfire#37C4FF31-0E70-42E2-B58B-C5661F1366EC
