01E70DFC-E7BF-46E0-B468-1A526700C123#appfire#CommunicationGroupService#appfire#sales.app.server.service.CommunicationGroupService#appfire#{"resourceMapping":"/CommunicationGroup","defaultMethodType":"","defaultContentType":""}#appfire#{"repository":{"filePath":"sales/src/main/java/sales/app/server/service/CommunicationGroupService.java","fileName":"CommunicationGroupService.java"},"implementInterface":[],"extendsClass":[],"repositories":[{"repository":{"filePath":"sales/src/main/java/sales/app/server/repository/CommunicationGroupRepositoryImpl.java","fileName":"CommunicationGroupRepositoryImpl.java"},"implementInterface":[{"filePath":"sales/src/main/java/sales/app/server/repository/CommunicationGroupRepository.java","fileName":"CommunicationGroupRepository.java"}],"extendsClass":[{"fileName":"SearchInterfaceImpl.java","filePath":"sales/src/main/java/sales/app/server/repository/SearchInterfaceImpl.java","isDisplay":false}],"entities":{"filePath":"sales/src/main/java/sales/app/shared/contacts/CommunicationGroup.java","fileName":"CommunicationGroup.java"}}]}#appfire#I#appfire#AQI9TWFJBCZH4VO1AW5CW#appfire#ba9dced8-453e-49a3-b627-d497a1f91b17#appfire#1#appfire#\N#appfire#2015-10-30 11:25:52#appfire#\N#appfire#2015-10-30 11:25:52#appfire#1#appfire#1#appfire#59154A2C-A6B0-4059-AE1C-14784B17670C
11C1A5A6-B02B-4F49-B2FF-A783DD8EECB9#appfire#CountryService#appfire#sales.app.server.service.CountryService#appfire#{"resourceMapping":"/Country","defaultMethodType":"","defaultContentType":""}#appfire#{"repository":{"filePath":"sales/src/main/java/sales/app/server/service/CountryService.java","fileName":"CountryService.java"},"implementInterface":[],"extendsClass":[],"repositories":[{"repository":{"filePath":"sales/src/main/java/sales/app/server/repository/CountryRepositoryImpl.java","fileName":"CountryRepositoryImpl.java"},"implementInterface":[{"filePath":"sales/src/main/java/sales/app/server/repository/CountryRepository.java","fileName":"CountryRepository.java"}],"extendsClass":[{"fileName":"SearchInterfaceImpl.java","filePath":"sales/src/main/java/sales/app/server/repository/SearchInterfaceImpl.java","isDisplay":false}],"entities":{"filePath":"sales/src/main/java/sales/app/shared/location/Country.java","fileName":"Country.java"}}]}#appfire#I#appfire#AQI9TWFJBCZH4VO1AW5CW#appfire#ba9dced8-453e-49a3-b627-d497a1f91b17#appfire#1#appfire#\N#appfire#2015-10-30 11:25:44#appfire#\N#appfire#2015-10-30 11:25:44#appfire#1#appfire#1#appfire#0D2EC38F-7712-40F3-9B21-9B5D3153B6C3
290F41CB-1B48-40AF-8B83-79AE522AB5CB#appfire#LanguageService#appfire#sales.app.server.service.LanguageService#appfire#{"resourceMapping":"/Language","defaultMethodType":"","defaultContentType":""}#appfire#{"repository":{"filePath":"sales/src/main/java/sales/app/server/service/LanguageService.java","fileName":"LanguageService.java"},"implementInterface":[],"extendsClass":[],"repositories":[{"repository":{"filePath":"sales/src/main/java/sales/app/server/repository/LanguageRepositoryImpl.java","fileName":"LanguageRepositoryImpl.java"},"implementInterface":[{"filePath":"sales/src/main/java/sales/app/server/repository/LanguageRepository.java","fileName":"LanguageRepository.java"}],"extendsClass":[{"fileName":"SearchInterfaceImpl.java","filePath":"sales/src/main/java/sales/app/server/repository/SearchInterfaceImpl.java","isDisplay":false}],"entities":{"filePath":"sales/src/main/java/sales/app/shared/location/Language.java","fileName":"Language.java"}}]}#appfire#I#appfire#AQI9TWFJBCZH4VO1AW5CW#appfire#ba9dced8-453e-49a3-b627-d497a1f91b17#appfire#1#appfire#\N#appfire#2015-10-30 11:25:43#appfire#\N#appfire#2015-10-30 11:25:43#appfire#1#appfire#1#appfire#5F30E990-4C2A-4438-869B-E219443BA6B3
2D366F9E-FF80-4D37-A04F-0E8E3187F15C#appfire#VillageService#appfire#sales.app.server.service.VillageService#appfire#{"resourceMapping":"/Village","defaultMethodType":"","defaultContentType":""}#appfire#{"repository":{"filePath":"sales/src/main/java/sales/app/server/service/VillageService.java","fileName":"VillageService.java"},"implementInterface":[],"extendsClass":[],"repositories":[{"repository":{"filePath":"sales/src/main/java/sales/app/server/repository/VillageRepositoryImpl.java","fileName":"VillageRepositoryImpl.java"},"implementInterface":[{"filePath":"sales/src/main/java/sales/app/server/repository/VillageRepository.java","fileName":"VillageRepository.java"}],"extendsClass":[{"fileName":"SearchInterfaceImpl.java","filePath":"sales/src/main/java/sales/app/server/repository/SearchInterfaceImpl.java","isDisplay":false}],"entities":{"filePath":"sales/src/main/java/sales/app/shared/location/Village.java","fileName":"Village.java"}}]}#appfire#I#appfire#AQI9TWFJBCZH4VO1AW5CW#appfire#ba9dced8-453e-49a3-b627-d497a1f91b17#appfire#1#appfire#\N#appfire#2015-10-30 11:25:49#appfire#\N#appfire#2015-10-30 11:25:49#appfire#1#appfire#1#appfire#A9B7297B-9C51-4C5F-910A-295B76E83935
2F23A2D5-C1A6-4FDA-8085-A21FC698E013#appfire#TimezoneService#appfire#sales.app.server.service.TimezoneService#appfire#{"resourceMapping":"/Timezone","defaultMethodType":"","defaultContentType":""}#appfire#{"repository":{"filePath":"sales/src/main/java/sales/app/server/service/TimezoneService.java","fileName":"TimezoneService.java"},"implementInterface":[],"extendsClass":[],"repositories":[{"repository":{"filePath":"sales/src/main/java/sales/app/server/repository/TimezoneRepositoryImpl.java","fileName":"TimezoneRepositoryImpl.java"},"implementInterface":[{"filePath":"sales/src/main/java/sales/app/server/repository/TimezoneRepository.java","fileName":"TimezoneRepository.java"}],"extendsClass":[{"fileName":"SearchInterfaceImpl.java","filePath":"sales/src/main/java/sales/app/server/repository/SearchInterfaceImpl.java","isDisplay":false}],"entities":{"filePath":"sales/src/main/java/sales/app/shared/location/Timezone.java","fileName":"Timezone.java"}}]}#appfire#I#appfire#AQI9TWFJBCZH4VO1AW5CW#appfire#ba9dced8-453e-49a3-b627-d497a1f91b17#appfire#1#appfire#\N#appfire#2015-10-30 11:25:43#appfire#\N#appfire#2015-10-30 11:25:43#appfire#1#appfire#1#appfire#C95D0BE9-BDDD-4DF5-85F3-D90D0E6CD32D
3B9CFE2E-1D5E-4AA3-AC02-BC47673CF19F#appfire#UserAccessLevelService#appfire#sales.app.server.service.UserAccessLevelService#appfire#{"resourceMapping":"/UserAccessLevel","defaultMethodType":"","defaultContentType":""}#appfire#{"repository":{"filePath":"sales/src/main/java/sales/app/server/service/UserAccessLevelService.java","fileName":"UserAccessLevelService.java"},"implementInterface":[],"extendsClass":[],"repositories":[{"repository":{"filePath":"sales/src/main/java/sales/app/server/repository/UserAccessLevelRepositoryImpl.java","fileName":"UserAccessLevelRepositoryImpl.java"},"implementInterface":[{"filePath":"sales/src/main/java/sales/app/server/repository/UserAccessLevelRepository.java","fileName":"UserAccessLevelRepository.java"}],"extendsClass":[{"fileName":"SearchInterfaceImpl.java","filePath":"sales/src/main/java/sales/app/server/repository/SearchInterfaceImpl.java","isDisplay":false}],"entities":{"filePath":"sales/src/main/java/sales/app/shared/authentication/UserAccessLevel.java","fileName":"UserAccessLevel.java"}}]}#appfire#I#appfire#AQI9TWFJBCZH4VO1AW5CW#appfire#ba9dced8-453e-49a3-b627-d497a1f91b17#appfire#1#appfire#\N#appfire#2015-10-30 11:25:58#appfire#\N#appfire#2015-10-30 11:25:58#appfire#1#appfire#1#appfire#C1F32819-7FFE-4DA9-BFAB-71C07E418B21
4424501C-A1F8-4DCA-8EB4-64EA1C2C22DF#appfire#RolesService#appfire#sales.app.server.service.RolesService#appfire#{"resourceMapping":"/Roles","defaultMethodType":"","defaultContentType":""}#appfire#{"repository":{"filePath":"sales/src/main/java/sales/app/server/service/RolesService.java","fileName":"RolesService.java"},"implementInterface":[],"extendsClass":[],"repositories":[{"repository":{"filePath":"sales/src/main/java/sales/app/server/repository/RolesRepositoryImpl.java","fileName":"RolesRepositoryImpl.java"},"implementInterface":[{"filePath":"sales/src/main/java/sales/app/server/repository/RolesRepository.java","fileName":"RolesRepository.java"}],"extendsClass":[{"fileName":"SearchInterfaceImpl.java","filePath":"sales/src/main/java/sales/app/server/repository/SearchInterfaceImpl.java","isDisplay":false}],"entities":{"filePath":"sales/src/main/java/sales/app/shared/authorization/Roles.java","fileName":"Roles.java"}}]}#appfire#I#appfire#AQI9TWFJBCZH4VO1AW5CW#appfire#ba9dced8-453e-49a3-b627-d497a1f91b17#appfire#1#appfire#\N#appfire#2015-10-30 11:26:05#appfire#\N#appfire#2015-10-30 11:26:05#appfire#1#appfire#1#appfire#AC0D2FAB-2130-4903-A119-8FB623BF6B1D
518E4889-3F02-466A-AD82-ED6A4BABB712#appfire#CityService#appfire#sales.app.server.service.CityService#appfire#{"resourceMapping":"/City","defaultMethodType":"","defaultContentType":""}#appfire#{"repository":{"filePath":"sales/src/main/java/sales/app/server/service/CityService.java","fileName":"CityService.java"},"implementInterface":[],"extendsClass":[],"repositories":[{"repository":{"filePath":"sales/src/main/java/sales/app/server/repository/CityRepositoryImpl.java","fileName":"CityRepositoryImpl.java"},"implementInterface":[{"filePath":"sales/src/main/java/sales/app/server/repository/CityRepository.java","fileName":"CityRepository.java"}],"extendsClass":[{"fileName":"SearchInterfaceImpl.java","filePath":"sales/src/main/java/sales/app/server/repository/SearchInterfaceImpl.java","isDisplay":false}],"entities":{"filePath":"sales/src/main/java/sales/app/shared/location/City.java","fileName":"City.java"}}]}#appfire#I#appfire#AQI9TWFJBCZH4VO1AW5CW#appfire#ba9dced8-453e-49a3-b627-d497a1f91b17#appfire#1#appfire#\N#appfire#2015-10-30 11:25:47#appfire#\N#appfire#2015-10-30 11:25:47#appfire#1#appfire#1#appfire#5C3B14D0-3D83-4E87-94C9-C5EF498163FB
574248A1-4DDE-408A-A29A-72395B84A421#appfire#UserAccessDomainService#appfire#sales.app.server.service.UserAccessDomainService#appfire#{"resourceMapping":"/UserAccessDomain","defaultMethodType":"","defaultContentType":""}#appfire#{"repository":{"filePath":"sales/src/main/java/sales/app/server/service/UserAccessDomainService.java","fileName":"UserAccessDomainService.java"},"implementInterface":[],"extendsClass":[],"repositories":[{"repository":{"filePath":"sales/src/main/java/sales/app/server/repository/UserAccessDomainRepositoryImpl.java","fileName":"UserAccessDomainRepositoryImpl.java"},"implementInterface":[{"filePath":"sales/src/main/java/sales/app/server/repository/UserAccessDomainRepository.java","fileName":"UserAccessDomainRepository.java"}],"extendsClass":[{"fileName":"SearchInterfaceImpl.java","filePath":"sales/src/main/java/sales/app/server/repository/SearchInterfaceImpl.java","isDisplay":false}],"entities":{"filePath":"sales/src/main/java/sales/app/shared/authentication/UserAccessDomain.java","fileName":"UserAccessDomain.java"}}]}#appfire#I#appfire#AQI9TWFJBCZH4VO1AW5CW#appfire#ba9dced8-453e-49a3-b627-d497a1f91b17#appfire#1#appfire#\N#appfire#2015-10-30 11:25:59#appfire#\N#appfire#2015-10-30 11:25:59#appfire#1#appfire#1#appfire#8E1E2D06-8747-4628-A450-570F193A033C
59A7179A-70A9-4E57-B1FB-735649A43437#appfire#ContactTypeService#appfire#sales.app.server.service.ContactTypeService#appfire#{"resourceMapping":"/ContactType","defaultMethodType":"","defaultContentType":""}#appfire#{"repository":{"filePath":"sales/src/main/java/sales/app/server/service/ContactTypeService.java","fileName":"ContactTypeService.java"},"implementInterface":[],"extendsClass":[],"repositories":[{"repository":{"filePath":"sales/src/main/java/sales/app/server/repository/ContactTypeRepositoryImpl.java","fileName":"ContactTypeRepositoryImpl.java"},"implementInterface":[{"filePath":"sales/src/main/java/sales/app/server/repository/ContactTypeRepository.java","fileName":"ContactTypeRepository.java"}],"extendsClass":[{"fileName":"SearchInterfaceImpl.java","filePath":"sales/src/main/java/sales/app/server/repository/SearchInterfaceImpl.java","isDisplay":false}],"entities":{"filePath":"sales/src/main/java/sales/app/shared/contacts/ContactType.java","fileName":"ContactType.java"}}]}#appfire#I#appfire#AQI9TWFJBCZH4VO1AW5CW#appfire#ba9dced8-453e-49a3-b627-d497a1f91b17#appfire#1#appfire#\N#appfire#2015-10-30 11:25:52#appfire#\N#appfire#2015-10-30 11:25:52#appfire#1#appfire#1#appfire#17B00D46-9853-4DB9-9016-651BC20D2713
64BE7BAE-33C7-4032-BC2E-EC97AD9DC122#appfire#PasswordAlgoService#appfire#sales.app.server.service.PasswordAlgoService#appfire#{"resourceMapping":"/PasswordAlgo","defaultMethodType":"","defaultContentType":""}#appfire#{"repository":{"filePath":"sales/src/main/java/sales/app/server/service/PasswordAlgoService.java","fileName":"PasswordAlgoService.java"},"implementInterface":[],"extendsClass":[],"repositories":[{"repository":{"filePath":"sales/src/main/java/sales/app/server/repository/PasswordAlgoRepositoryImpl.java","fileName":"PasswordAlgoRepositoryImpl.java"},"implementInterface":[{"filePath":"sales/src/main/java/sales/app/server/repository/PasswordAlgoRepository.java","fileName":"PasswordAlgoRepository.java"}],"extendsClass":[{"fileName":"SearchInterfaceImpl.java","filePath":"sales/src/main/java/sales/app/server/repository/SearchInterfaceImpl.java","isDisplay":false}],"entities":{"filePath":"sales/src/main/java/sales/app/shared/authentication/PasswordAlgo.java","fileName":"PasswordAlgo.java"}}]}#appfire#I#appfire#AQI9TWFJBCZH4VO1AW5CW#appfire#ba9dced8-453e-49a3-b627-d497a1f91b17#appfire#1#appfire#\N#appfire#2015-10-30 11:25:57#appfire#\N#appfire#2015-10-30 11:25:57#appfire#1#appfire#1#appfire#8D6E3D31-C649-4C2D-9229-ECFCA2B3728A
74C01470-6F6D-41E9-8461-39F12ABABFED#appfire#LoginService#appfire#sales.app.server.service.LoginService#appfire#{"resourceMapping":"/Login","defaultMethodType":"","defaultContentType":""}#appfire#{"repository":{"filePath":"sales/src/main/java/sales/app/server/service/LoginService.java","fileName":"LoginService.java"},"implementInterface":[],"extendsClass":[],"repositories":[{"repository":{"filePath":"sales/src/main/java/sales/app/server/repository/LoginRepositoryImpl.java","fileName":"LoginRepositoryImpl.java"},"implementInterface":[{"filePath":"sales/src/main/java/sales/app/server/repository/LoginRepository.java","fileName":"LoginRepository.java"}],"extendsClass":[{"fileName":"SearchInterfaceImpl.java","filePath":"sales/src/main/java/sales/app/server/repository/SearchInterfaceImpl.java","isDisplay":false}],"entities":{"filePath":"sales/src/main/java/sales/app/shared/authentication/Login.java","fileName":"Login.java"}}]}#appfire#I#appfire#AQI9TWFJBCZH4VO1AW5CW#appfire#ba9dced8-453e-49a3-b627-d497a1f91b17#appfire#1#appfire#\N#appfire#2015-10-30 11:26:01#appfire#\N#appfire#2015-10-30 11:26:01#appfire#1#appfire#1#appfire#ACB7693F-F9E4-4BF8-9C1E-EF8E5D518315
8B04610C-3600-4827-850C-9AD7BB40119E#appfire#AppCustomerService#appfire#sales.app.server.service.AppCustomerService#appfire#{"resourceMapping":"/AppCustomer","defaultMethodType":"","defaultContentType":""}#appfire#{"repository":{"filePath":"sales/src/main/java/sales/app/server/service/AppCustomerService.java","fileName":"AppCustomerService.java"},"implementInterface":[],"extendsClass":[],"repositories":[{"repository":{"filePath":"sales/src/main/java/sales/app/server/repository/AppCustomerRepositoryImpl.java","fileName":"AppCustomerRepositoryImpl.java"},"implementInterface":[{"filePath":"sales/src/main/java/sales/app/server/repository/AppCustomerRepository.java","fileName":"AppCustomerRepository.java"}],"extendsClass":[{"fileName":"SearchInterfaceImpl.java","filePath":"sales/src/main/java/sales/app/server/repository/SearchInterfaceImpl.java","isDisplay":false}],"entities":{"filePath":"sales/src/main/java/sales/app/shared/customers/AppCustomer.java","fileName":"AppCustomer.java"}}]}#appfire#I#appfire#AQI9TWFJBCZH4VO1AW5CW#appfire#ba9dced8-453e-49a3-b627-d497a1f91b17#appfire#1#appfire#\N#appfire#2015-10-30 11:26:08#appfire#\N#appfire#2015-10-30 11:26:08#appfire#1#appfire#1#appfire#3ED1FC30-1537-4EFF-9A34-C4B1F98CCF59
8D514F38-8732-4FB5-9B7A-AC2205DE00BD#appfire#QuestionService#appfire#sales.app.server.service.QuestionService#appfire#{"resourceMapping":"/Question","defaultMethodType":"","defaultContentType":""}#appfire#{"repository":{"filePath":"sales/src/main/java/sales/app/server/service/QuestionService.java","fileName":"QuestionService.java"},"implementInterface":[],"extendsClass":[],"repositories":[{"repository":{"filePath":"sales/src/main/java/sales/app/server/repository/QuestionRepositoryImpl.java","fileName":"QuestionRepositoryImpl.java"},"implementInterface":[{"filePath":"sales/src/main/java/sales/app/server/repository/QuestionRepository.java","fileName":"QuestionRepository.java"}],"extendsClass":[{"fileName":"SearchInterfaceImpl.java","filePath":"sales/src/main/java/sales/app/server/repository/SearchInterfaceImpl.java","isDisplay":false}],"entities":{"filePath":"sales/src/main/java/sales/app/shared/authentication/Question.java","fileName":"Question.java"}}]}#appfire#I#appfire#AQI9TWFJBCZH4VO1AW5CW#appfire#ba9dced8-453e-49a3-b627-d497a1f91b17#appfire#1#appfire#\N#appfire#2015-10-30 11:25:58#appfire#\N#appfire#2015-10-30 11:25:58#appfire#1#appfire#1#appfire#A3233823-F259-4691-9F89-FD207621F7B0
95F0827B-CD88-4981-ACFE-41AAA250F7CA#appfire#GenderService#appfire#sales.app.server.service.GenderService#appfire#{"resourceMapping":"/Gender","defaultMethodType":"","defaultContentType":""}#appfire#{"repository":{"filePath":"sales/src/main/java/sales/app/server/service/GenderService.java","fileName":"GenderService.java"},"implementInterface":[],"extendsClass":[],"repositories":[{"repository":{"filePath":"sales/src/main/java/sales/app/server/repository/GenderRepositoryImpl.java","fileName":"GenderRepositoryImpl.java"},"implementInterface":[{"filePath":"sales/src/main/java/sales/app/server/repository/GenderRepository.java","fileName":"GenderRepository.java"}],"extendsClass":[{"fileName":"SearchInterfaceImpl.java","filePath":"sales/src/main/java/sales/app/server/repository/SearchInterfaceImpl.java","isDisplay":false}],"entities":{"filePath":"sales/src/main/java/sales/app/shared/contacts/Gender.java","fileName":"Gender.java"}}]}#appfire#I#appfire#AQI9TWFJBCZH4VO1AW5CW#appfire#ba9dced8-453e-49a3-b627-d497a1f91b17#appfire#1#appfire#\N#appfire#2015-10-30 11:25:54#appfire#\N#appfire#2015-10-30 11:25:54#appfire#1#appfire#1#appfire#BAA340A1-E896-414A-9613-B68858274AF6
9A904458-AB83-47F9-BFD1-CC55888B27FE#appfire#AppCustomerTypeService#appfire#sales.app.server.service.AppCustomerTypeService#appfire#{"resourceMapping":"/AppCustomerType","defaultMethodType":"","defaultContentType":""}#appfire#{"repository":{"filePath":"sales/src/main/java/sales/app/server/service/AppCustomerTypeService.java","fileName":"AppCustomerTypeService.java"},"implementInterface":[],"extendsClass":[],"repositories":[{"repository":{"filePath":"sales/src/main/java/sales/app/server/repository/AppCustomerTypeRepositoryImpl.java","fileName":"AppCustomerTypeRepositoryImpl.java"},"implementInterface":[{"filePath":"sales/src/main/java/sales/app/server/repository/AppCustomerTypeRepository.java","fileName":"AppCustomerTypeRepository.java"}],"extendsClass":[{"fileName":"SearchInterfaceImpl.java","filePath":"sales/src/main/java/sales/app/server/repository/SearchInterfaceImpl.java","isDisplay":false}],"entities":{"filePath":"sales/src/main/java/sales/app/shared/customers/AppCustomerType.java","fileName":"AppCustomerType.java"}}]}#appfire#I#appfire#AQI9TWFJBCZH4VO1AW5CW#appfire#ba9dced8-453e-49a3-b627-d497a1f91b17#appfire#1#appfire#\N#appfire#2015-10-30 11:26:07#appfire#\N#appfire#2015-10-30 11:26:07#appfire#1#appfire#1#appfire#C2221211-D922-4B44-93D5-AB5C647116DA
9DB9980D-5F5D-4A99-B41F-C95751611C18#appfire#TalukaService#appfire#sales.app.server.service.TalukaService#appfire#{"resourceMapping":"/Taluka","defaultMethodType":"","defaultContentType":""}#appfire#{"repository":{"filePath":"sales/src/main/java/sales/app/server/service/TalukaService.java","fileName":"TalukaService.java"},"implementInterface":[],"extendsClass":[],"repositories":[{"repository":{"filePath":"sales/src/main/java/sales/app/server/repository/TalukaRepositoryImpl.java","fileName":"TalukaRepositoryImpl.java"},"implementInterface":[{"filePath":"sales/src/main/java/sales/app/server/repository/TalukaRepository.java","fileName":"TalukaRepository.java"}],"extendsClass":[{"fileName":"SearchInterfaceImpl.java","filePath":"sales/src/main/java/sales/app/server/repository/SearchInterfaceImpl.java","isDisplay":false}],"entities":{"filePath":"sales/src/main/java/sales/app/shared/location/Taluka.java","fileName":"Taluka.java"}}]}#appfire#I#appfire#AQI9TWFJBCZH4VO1AW5CW#appfire#ba9dced8-453e-49a3-b627-d497a1f91b17#appfire#1#appfire#\N#appfire#2015-10-30 11:25:48#appfire#\N#appfire#2015-10-30 11:25:48#appfire#1#appfire#1#appfire#7BF96D7B-B1AA-47E8-9941-9139E7693EA2
A4587EDA-44EF-41D9-970A-6DE6F6A467DA#appfire#AddressTypeService#appfire#sales.app.server.service.AddressTypeService#appfire#{"resourceMapping":"/AddressType","defaultMethodType":"","defaultContentType":""}#appfire#{"repository":{"filePath":"sales/src/main/java/sales/app/server/service/AddressTypeService.java","fileName":"AddressTypeService.java"},"implementInterface":[],"extendsClass":[],"repositories":[{"repository":{"filePath":"sales/src/main/java/sales/app/server/repository/AddressTypeRepositoryImpl.java","fileName":"AddressTypeRepositoryImpl.java"},"implementInterface":[{"filePath":"sales/src/main/java/sales/app/server/repository/AddressTypeRepository.java","fileName":"AddressTypeRepository.java"}],"extendsClass":[{"fileName":"SearchInterfaceImpl.java","filePath":"sales/src/main/java/sales/app/server/repository/SearchInterfaceImpl.java","isDisplay":false}],"entities":{"filePath":"sales/src/main/java/sales/app/shared/location/AddressType.java","fileName":"AddressType.java"}}]}#appfire#I#appfire#AQI9TWFJBCZH4VO1AW5CW#appfire#ba9dced8-453e-49a3-b627-d497a1f91b17#appfire#1#appfire#\N#appfire#2015-10-30 11:25:50#appfire#\N#appfire#2015-10-30 11:25:50#appfire#1#appfire#1#appfire#AF3F8D45-E372-4973-BE7F-A81C98A239FA
A6294140-2999-4E18-8163-AC44517C9077#appfire#CoreContactsService#appfire#sales.app.server.service.CoreContactsService#appfire#{"resourceMapping":"/CoreContacts","defaultMethodType":"","defaultContentType":""}#appfire#{"repository":{"filePath":"sales/src/main/java/sales/app/server/service/CoreContactsService.java","fileName":"CoreContactsService.java"},"implementInterface":[],"extendsClass":[],"repositories":[{"repository":{"filePath":"sales/src/main/java/sales/app/server/repository/CoreContactsRepositoryImpl.java","fileName":"CoreContactsRepositoryImpl.java"},"implementInterface":[{"filePath":"sales/src/main/java/sales/app/server/repository/CoreContactsRepository.java","fileName":"CoreContactsRepository.java"}],"extendsClass":[{"fileName":"SearchInterfaceImpl.java","filePath":"sales/src/main/java/sales/app/server/repository/SearchInterfaceImpl.java","isDisplay":false}],"entities":{"filePath":"sales/src/main/java/sales/app/shared/contacts/CoreContacts.java","fileName":"CoreContacts.java"}}]}#appfire#I#appfire#AQI9TWFJBCZH4VO1AW5CW#appfire#ba9dced8-453e-49a3-b627-d497a1f91b17#appfire#1#appfire#\N#appfire#2015-10-30 11:25:55#appfire#\N#appfire#2015-10-30 11:25:55#appfire#1#appfire#1#appfire#AFB6AD26-A8F3-4442-99ED-7176B584E799
B362E584-DEEB-4AD5-B1C1-D58D68C72EB2#appfire#AddressService#appfire#sales.app.server.service.AddressService#appfire#{"resourceMapping":"/Address","defaultMethodType":"","defaultContentType":""}#appfire#{"repository":{"filePath":"sales/src/main/java/sales/app/server/service/AddressService.java","fileName":"AddressService.java"},"implementInterface":[],"extendsClass":[],"repositories":[{"repository":{"filePath":"sales/src/main/java/sales/app/server/repository/AddressRepositoryImpl.java","fileName":"AddressRepositoryImpl.java"},"implementInterface":[{"filePath":"sales/src/main/java/sales/app/server/repository/AddressRepository.java","fileName":"AddressRepository.java"}],"extendsClass":[{"fileName":"SearchInterfaceImpl.java","filePath":"sales/src/main/java/sales/app/server/repository/SearchInterfaceImpl.java","isDisplay":false}],"entities":{"filePath":"sales/src/main/java/sales/app/shared/location/Address.java","fileName":"Address.java"}}]}#appfire#I#appfire#AQI9TWFJBCZH4VO1AW5CW#appfire#ba9dced8-453e-49a3-b627-d497a1f91b17#appfire#1#appfire#\N#appfire#2015-10-30 11:25:50#appfire#\N#appfire#2015-10-30 11:25:50#appfire#1#appfire#1#appfire#B9E7B68D-32B6-4E1C-8B2E-E49A368CD8CC
B856165A-57B4-4776-A76E-61CA33D5E513#appfire#CurrencyService#appfire#sales.app.server.service.CurrencyService#appfire#{"resourceMapping":"/Currency","defaultMethodType":"","defaultContentType":""}#appfire#{"repository":{"filePath":"sales/src/main/java/sales/app/server/service/CurrencyService.java","fileName":"CurrencyService.java"},"implementInterface":[],"extendsClass":[],"repositories":[{"repository":{"filePath":"sales/src/main/java/sales/app/server/repository/CurrencyRepositoryImpl.java","fileName":"CurrencyRepositoryImpl.java"},"implementInterface":[{"filePath":"sales/src/main/java/sales/app/server/repository/CurrencyRepository.java","fileName":"CurrencyRepository.java"}],"extendsClass":[{"fileName":"SearchInterfaceImpl.java","filePath":"sales/src/main/java/sales/app/server/repository/SearchInterfaceImpl.java","isDisplay":false}],"entities":{"filePath":"sales/src/main/java/sales/app/shared/location/Currency.java","fileName":"Currency.java"}}]}#appfire#I#appfire#AQI9TWFJBCZH4VO1AW5CW#appfire#ba9dced8-453e-49a3-b627-d497a1f91b17#appfire#1#appfire#\N#appfire#2015-10-30 11:25:45#appfire#\N#appfire#2015-10-30 11:25:45#appfire#1#appfire#1#appfire#DEE20C15-17B5-4CD4-B558-E31A02D17969
C059B8E9-07FB-4125-92BD-607E422E3065#appfire#DistrictService#appfire#sales.app.server.service.DistrictService#appfire#{"resourceMapping":"/District","defaultMethodType":"","defaultContentType":""}#appfire#{"repository":{"filePath":"sales/src/main/java/sales/app/server/service/DistrictService.java","fileName":"DistrictService.java"},"implementInterface":[],"extendsClass":[],"repositories":[{"repository":{"filePath":"sales/src/main/java/sales/app/server/repository/DistrictRepositoryImpl.java","fileName":"DistrictRepositoryImpl.java"},"implementInterface":[{"filePath":"sales/src/main/java/sales/app/server/repository/DistrictRepository.java","fileName":"DistrictRepository.java"}],"extendsClass":[{"fileName":"SearchInterfaceImpl.java","filePath":"sales/src/main/java/sales/app/server/repository/SearchInterfaceImpl.java","isDisplay":false}],"entities":{"filePath":"sales/src/main/java/sales/app/shared/location/District.java","fileName":"District.java"}}]}#appfire#I#appfire#AQI9TWFJBCZH4VO1AW5CW#appfire#ba9dced8-453e-49a3-b627-d497a1f91b17#appfire#1#appfire#\N#appfire#2015-10-30 11:25:47#appfire#\N#appfire#2015-10-30 11:25:47#appfire#1#appfire#1#appfire#27B74948-2FF9-414C-81F0-172C8558EF27
C3054EE3-4EA1-4325-B4C6-28F5CC548A2E#appfire#UserRoleBridgeService#appfire#sales.app.server.service.UserRoleBridgeService#appfire#{"resourceMapping":"/UserRoleBridge","defaultMethodType":"","defaultContentType":""}#appfire#{"repository":{"filePath":"sales/src/main/java/sales/app/server/service/UserRoleBridgeService.java","fileName":"UserRoleBridgeService.java"},"implementInterface":[],"extendsClass":[],"repositories":[{"repository":{"filePath":"sales/src/main/java/sales/app/server/repository/UserRoleBridgeRepositoryImpl.java","fileName":"UserRoleBridgeRepositoryImpl.java"},"implementInterface":[{"filePath":"sales/src/main/java/sales/app/server/repository/UserRoleBridgeRepository.java","fileName":"UserRoleBridgeRepository.java"}],"extendsClass":[{"fileName":"SearchInterfaceImpl.java","filePath":"sales/src/main/java/sales/app/server/repository/SearchInterfaceImpl.java","isDisplay":false}],"entities":{"filePath":"sales/src/main/java/sales/app/shared/authorization/UserRoleBridge.java","fileName":"UserRoleBridge.java"}}]}#appfire#I#appfire#AQI9TWFJBCZH4VO1AW5CW#appfire#ba9dced8-453e-49a3-b627-d497a1f91b17#appfire#1#appfire#\N#appfire#2015-10-30 11:26:06#appfire#\N#appfire#2015-10-30 11:26:06#appfire#1#appfire#1#appfire#9EB046B2-A4D2-495A-A663-796ADD808CE8
DB292789-5BED-44EE-A276-29B92EA329D8#appfire#AppCustomerCategoryService#appfire#sales.app.server.service.AppCustomerCategoryService#appfire#{"resourceMapping":"/AppCustomerCategory","defaultMethodType":"","defaultContentType":""}#appfire#{"repository":{"filePath":"sales/src/main/java/sales/app/server/service/AppCustomerCategoryService.java","fileName":"AppCustomerCategoryService.java"},"implementInterface":[],"extendsClass":[],"repositories":[{"repository":{"filePath":"sales/src/main/java/sales/app/server/repository/AppCustomerCategoryRepositoryImpl.java","fileName":"AppCustomerCategoryRepositoryImpl.java"},"implementInterface":[{"filePath":"sales/src/main/java/sales/app/server/repository/AppCustomerCategoryRepository.java","fileName":"AppCustomerCategoryRepository.java"}],"extendsClass":[{"fileName":"SearchInterfaceImpl.java","filePath":"sales/src/main/java/sales/app/server/repository/SearchInterfaceImpl.java","isDisplay":false}],"entities":{"filePath":"sales/src/main/java/sales/app/shared/customers/AppCustomerCategory.java","fileName":"AppCustomerCategory.java"}}]}#appfire#I#appfire#AQI9TWFJBCZH4VO1AW5CW#appfire#ba9dced8-453e-49a3-b627-d497a1f91b17#appfire#1#appfire#\N#appfire#2015-10-30 11:26:07#appfire#\N#appfire#2015-10-30 11:26:07#appfire#1#appfire#1#appfire#AAB72833-54E9-4D4C-A672-13761374CAF3
DCDE40D4-8AF4-42B1-AE62-0D1E10B0623C#appfire#StateService#appfire#sales.app.server.service.StateService#appfire#{"resourceMapping":"/State","defaultMethodType":"","defaultContentType":""}#appfire#{"repository":{"filePath":"sales/src/main/java/sales/app/server/service/StateService.java","fileName":"StateService.java"},"implementInterface":[],"extendsClass":[],"repositories":[{"repository":{"filePath":"sales/src/main/java/sales/app/server/repository/StateRepositoryImpl.java","fileName":"StateRepositoryImpl.java"},"implementInterface":[{"filePath":"sales/src/main/java/sales/app/server/repository/StateRepository.java","fileName":"StateRepository.java"}],"extendsClass":[{"fileName":"SearchInterfaceImpl.java","filePath":"sales/src/main/java/sales/app/server/repository/SearchInterfaceImpl.java","isDisplay":false}],"entities":{"filePath":"sales/src/main/java/sales/app/shared/location/State.java","fileName":"State.java"}}]}#appfire#I#appfire#AQI9TWFJBCZH4VO1AW5CW#appfire#ba9dced8-453e-49a3-b627-d497a1f91b17#appfire#1#appfire#\N#appfire#2015-10-30 11:25:45#appfire#\N#appfire#2015-10-30 11:25:45#appfire#1#appfire#1#appfire#16C8AEB0-9B0C-460A-915B-AC9C7E3D9E5B
DDDF30A6-950A-4352-98D1-372D4F4E4215#appfire#TitleService#appfire#sales.app.server.service.TitleService#appfire#{"resourceMapping":"/Title","defaultMethodType":"","defaultContentType":""}#appfire#{"repository":{"filePath":"sales/src/main/java/sales/app/server/service/TitleService.java","fileName":"TitleService.java"},"implementInterface":[],"extendsClass":[],"repositories":[{"repository":{"filePath":"sales/src/main/java/sales/app/server/repository/TitleRepositoryImpl.java","fileName":"TitleRepositoryImpl.java"},"implementInterface":[{"filePath":"sales/src/main/java/sales/app/server/repository/TitleRepository.java","fileName":"TitleRepository.java"}],"extendsClass":[{"fileName":"SearchInterfaceImpl.java","filePath":"sales/src/main/java/sales/app/server/repository/SearchInterfaceImpl.java","isDisplay":false}],"entities":{"filePath":"sales/src/main/java/sales/app/shared/contacts/Title.java","fileName":"Title.java"}}]}#appfire#I#appfire#AQI9TWFJBCZH4VO1AW5CW#appfire#ba9dced8-453e-49a3-b627-d497a1f91b17#appfire#1#appfire#\N#appfire#2015-10-30 11:25:54#appfire#\N#appfire#2015-10-30 11:25:54#appfire#1#appfire#1#appfire#C833F795-5D3E-4EAA-8771-943E331E6EE5
E3F94CA0-FAC8-4EDD-8554-6E7E3E230BDD#appfire#RegionService#appfire#sales.app.server.service.RegionService#appfire#{"resourceMapping":"/Region","defaultMethodType":"","defaultContentType":""}#appfire#{"repository":{"filePath":"sales/src/main/java/sales/app/server/service/RegionService.java","fileName":"RegionService.java"},"implementInterface":[],"extendsClass":[],"repositories":[{"repository":{"filePath":"sales/src/main/java/sales/app/server/repository/RegionRepositoryImpl.java","fileName":"RegionRepositoryImpl.java"},"implementInterface":[{"filePath":"sales/src/main/java/sales/app/server/repository/RegionRepository.java","fileName":"RegionRepository.java"}],"extendsClass":[{"fileName":"SearchInterfaceImpl.java","filePath":"sales/src/main/java/sales/app/server/repository/SearchInterfaceImpl.java","isDisplay":false}],"entities":{"filePath":"sales/src/main/java/sales/app/shared/location/Region.java","fileName":"Region.java"}}]}#appfire#I#appfire#AQI9TWFJBCZH4VO1AW5CW#appfire#ba9dced8-453e-49a3-b627-d497a1f91b17#appfire#1#appfire#\N#appfire#2015-10-30 11:25:46#appfire#\N#appfire#2015-10-30 11:25:46#appfire#1#appfire#1#appfire#C5C32194-3A6E-4D40-818E-720AE40EDF7F
E803DA57-B637-4EE9-9F81-BB0D1294207B#appfire#AppMenusService#appfire#sales.app.server.service.AppMenusService#appfire#{"resourceMapping":"/AppMenus","defaultMethodType":"","defaultContentType":""}#appfire#{"repository":{"filePath":"sales/src/main/java/sales/app/server/service/AppMenusService.java","fileName":"AppMenusService.java"},"implementInterface":[],"extendsClass":[],"repositories":[{"repository":{"filePath":"sales/src/main/java/sales/app/server/repository/AppMenusRepositoryImpl.java","fileName":"AppMenusRepositoryImpl.java"},"implementInterface":[{"filePath":"sales/src/main/java/sales/app/server/repository/AppMenusRepository.java","fileName":"AppMenusRepository.java"}],"extendsClass":[{"fileName":"SearchInterfaceImpl.java","filePath":"sales/src/main/java/sales/app/server/repository/SearchInterfaceImpl.java","isDisplay":false}],"entities":{"filePath":"sales/src/main/java/sales/app/shared/authorization/AppMenus.java","fileName":"AppMenus.java"}}]}#appfire#I#appfire#AQI9TWFJBCZH4VO1AW5CW#appfire#ba9dced8-453e-49a3-b627-d497a1f91b17#appfire#1#appfire#\N#appfire#2015-10-30 11:26:05#appfire#\N#appfire#2015-10-30 11:26:05#appfire#1#appfire#1#appfire#A941F5A8-59AF-4DF3-840F-D8B207292A24
F00247F3-1990-4286-82E2-B1E07A62265A#appfire#CommunicationTypeService#appfire#sales.app.server.service.CommunicationTypeService#appfire#{"resourceMapping":"/CommunicationType","defaultMethodType":"","defaultContentType":""}#appfire#{"repository":{"filePath":"sales/src/main/java/sales/app/server/service/CommunicationTypeService.java","fileName":"CommunicationTypeService.java"},"implementInterface":[],"extendsClass":[],"repositories":[{"repository":{"filePath":"sales/src/main/java/sales/app/server/repository/CommunicationTypeRepositoryImpl.java","fileName":"CommunicationTypeRepositoryImpl.java"},"implementInterface":[{"filePath":"sales/src/main/java/sales/app/server/repository/CommunicationTypeRepository.java","fileName":"CommunicationTypeRepository.java"}],"extendsClass":[{"fileName":"SearchInterfaceImpl.java","filePath":"sales/src/main/java/sales/app/server/repository/SearchInterfaceImpl.java","isDisplay":false}],"entities":{"filePath":"sales/src/main/java/sales/app/shared/contacts/CommunicationType.java","fileName":"CommunicationType.java"}}]}#appfire#I#appfire#AQI9TWFJBCZH4VO1AW5CW#appfire#ba9dced8-453e-49a3-b627-d497a1f91b17#appfire#1#appfire#\N#appfire#2015-10-30 11:25:53#appfire#\N#appfire#2015-10-30 11:25:53#appfire#1#appfire#1#appfire#E2ABB6E9-5CAD-4BE3-BAF6-6E03E53B3F1D
F90A35E0-BBCC-409F-A08E-2514717FCF6B#appfire#PasswordPolicyService#appfire#sales.app.server.service.PasswordPolicyService#appfire#{"resourceMapping":"/PasswordPolicy","defaultMethodType":"","defaultContentType":""}#appfire#{"repository":{"filePath":"sales/src/main/java/sales/app/server/service/PasswordPolicyService.java","fileName":"PasswordPolicyService.java"},"implementInterface":[],"extendsClass":[],"repositories":[{"repository":{"filePath":"sales/src/main/java/sales/app/server/repository/PasswordPolicyRepositoryImpl.java","fileName":"PasswordPolicyRepositoryImpl.java"},"implementInterface":[{"filePath":"sales/src/main/java/sales/app/server/repository/PasswordPolicyRepository.java","fileName":"PasswordPolicyRepository.java"}],"extendsClass":[{"fileName":"SearchInterfaceImpl.java","filePath":"sales/src/main/java/sales/app/server/repository/SearchInterfaceImpl.java","isDisplay":false}],"entities":{"filePath":"sales/src/main/java/sales/app/shared/authentication/PasswordPolicy.java","fileName":"PasswordPolicy.java"}}]}#appfire#I#appfire#AQI9TWFJBCZH4VO1AW5CW#appfire#ba9dced8-453e-49a3-b627-d497a1f91b17#appfire#1#appfire#\N#appfire#2015-10-30 11:25:57#appfire#\N#appfire#2015-10-30 11:25:57#appfire#1#appfire#1#appfire#483CDD19-8E1D-4B9A-BFD3-484983CE650C
